[{"__symbolic":"module","version":4,"metadata":{"TreeModule":{"__symbolic":"class","decorators":[{"__symbolic":"call","expression":{"__symbolic":"reference","module":"@angular/core","name":"NgModule","line":28,"character":1},"arguments":[{"declarations":[{"__symbolic":"reference","module":"./components/tree.component","name":"TreeComponent","line":30,"character":4},{"__symbolic":"reference","module":"./components/tree-node.component","name":"TreeNodeComponent","line":31,"character":4},{"__symbolic":"reference","module":"./components/tree-node-content.component","name":"TreeNodeContent","line":32,"character":4},{"__symbolic":"reference","module":"./components/loading.component","name":"LoadingComponent","line":33,"character":4},{"__symbolic":"reference","module":"./directives/tree-drop.directive","name":"TreeDropDirective","line":34,"character":4},{"__symbolic":"reference","module":"./directives/tree-drag.directive","name":"TreeDragDirective","line":35,"character":4},{"__symbolic":"reference","module":"./components/tree-node-expander.component","name":"TreeNodeExpanderComponent","line":36,"character":4},{"__symbolic":"reference","module":"./components/tree-node-children.component","name":"TreeNodeChildrenComponent","line":37,"character":4},{"__symbolic":"reference","module":"./components/tree-node-drop-slot.component","name":"TreeNodeDropSlot","line":38,"character":4},{"__symbolic":"reference","module":"./components/tree-node-collection.component","name":"TreeNodeCollectionComponent","line":39,"character":4},{"__symbolic":"reference","module":"./components/tree-viewport.component","name":"TreeViewportComponent","line":40,"character":4},{"__symbolic":"reference","module":"./components/tree-node-wrapper.component","name":"TreeNodeWrapperComponent","line":41,"character":4},{"__symbolic":"reference","module":"./components/tree-node-checkbox.component","name":"TreeNodeCheckboxComponent","line":42,"character":4},{"__symbolic":"reference","module":"./directives/tree-animate-open.directive","name":"TreeAnimateOpenDirective","line":43,"character":4}],"exports":[{"__symbolic":"reference","module":"./components/tree.component","name":"TreeComponent","line":46,"character":4},{"__symbolic":"reference","module":"./components/tree-node.component","name":"TreeNodeComponent","line":47,"character":4},{"__symbolic":"reference","module":"./components/tree-node-content.component","name":"TreeNodeContent","line":48,"character":4},{"__symbolic":"reference","module":"./components/loading.component","name":"LoadingComponent","line":49,"character":4},{"__symbolic":"reference","module":"./directives/tree-drop.directive","name":"TreeDropDirective","line":50,"character":4},{"__symbolic":"reference","module":"./directives/tree-drag.directive","name":"TreeDragDirective","line":51,"character":4},{"__symbolic":"reference","module":"./components/tree-node-expander.component","name":"TreeNodeExpanderComponent","line":52,"character":4},{"__symbolic":"reference","module":"./components/tree-node-children.component","name":"TreeNodeChildrenComponent","line":53,"character":4},{"__symbolic":"reference","module":"./components/tree-node-drop-slot.component","name":"TreeNodeDropSlot","line":54,"character":4},{"__symbolic":"reference","module":"./components/tree-node-collection.component","name":"TreeNodeCollectionComponent","line":55,"character":4},{"__symbolic":"reference","module":"./components/tree-viewport.component","name":"TreeViewportComponent","line":56,"character":4},{"__symbolic":"reference","module":"./components/tree-node-wrapper.component","name":"TreeNodeWrapperComponent","line":57,"character":4},{"__symbolic":"reference","module":"./components/tree-node-checkbox.component","name":"TreeNodeCheckboxComponent","line":58,"character":4},{"__symbolic":"reference","module":"./directives/tree-animate-open.directive","name":"TreeAnimateOpenDirective","line":59,"character":4}],"imports":[{"__symbolic":"reference","module":"@angular/common","name":"CommonModule","line":62,"character":4},{"__symbolic":"reference","module":"mobx-angular","name":"MobxAngularModule","line":63,"character":4}],"providers":[]}]}],"statics":{"forRoot":{"__symbolic":"function","parameters":[],"value":{"ngModule":{"__symbolic":"reference","name":"TreeModule"},"providers":[{"__symbolic":"reference","module":"./models/tree-dragged-element.model","name":"TreeDraggedElement","line":71,"character":18}]}}}},"TreeModel":{"__symbolic":"reference","module":"./models/tree.model","name":"TreeModel","line":77,"character":2},"TreeNode":{"__symbolic":"reference","module":"./models/tree-node.model","name":"TreeNode","line":78,"character":2},"TreeDraggedElement":{"__symbolic":"reference","module":"./models/tree-dragged-element.model","name":"TreeDraggedElement","line":79,"character":2},"TreeVirtualScroll":{"__symbolic":"reference","module":"./models/tree-virtual-scroll.model","name":"TreeVirtualScroll","line":80,"character":2},"ITreeOptions":{"__symbolic":"reference","module":"./defs/api","name":"ITreeOptions","line":81,"character":2},"TREE_ACTIONS":{"__symbolic":"reference","module":"./models/tree-options.model","name":"TREE_ACTIONS","line":82,"character":2},"KEYS":{"__symbolic":"reference","module":"./constants/keys","name":"KEYS","line":83,"character":2},"IActionMapping":{"__symbolic":"reference","module":"./models/tree-options.model","name":"IActionMapping","line":84,"character":2},"IActionHandler":{"__symbolic":"reference","module":"./models/tree-options.model","name":"IActionHandler","line":85,"character":2},"IAllowDropFn":{"__symbolic":"reference","module":"./defs/api","name":"IAllowDropFn","line":86,"character":2},"IAllowDragFn":{"__symbolic":"reference","module":"./defs/api","name":"IAllowDragFn","line":87,"character":2},"LoadingComponent":{"__symbolic":"reference","module":"./components/loading.component","name":"LoadingComponent","line":88,"character":2},"TreeComponent":{"__symbolic":"reference","module":"./components/tree.component","name":"TreeComponent","line":89,"character":2},"TreeNodeComponent":{"__symbolic":"reference","module":"./components/tree-node.component","name":"TreeNodeComponent","line":90,"character":2},"TreeNodeContent":{"__symbolic":"reference","module":"./components/tree-node-content.component","name":"TreeNodeContent","line":91,"character":2},"TreeDropDirective":{"__symbolic":"reference","module":"./directives/tree-drop.directive","name":"TreeDropDirective","line":92,"character":2},"TreeDragDirective":{"__symbolic":"reference","module":"./directives/tree-drag.directive","name":"TreeDragDirective","line":93,"character":2},"TreeNodeExpanderComponent":{"__symbolic":"reference","module":"./components/tree-node-expander.component","name":"TreeNodeExpanderComponent","line":94,"character":2},"TreeNodeChildrenComponent":{"__symbolic":"reference","module":"./components/tree-node-children.component","name":"TreeNodeChildrenComponent","line":95,"character":2},"TreeNodeDropSlot":{"__symbolic":"reference","module":"./components/tree-node-drop-slot.component","name":"TreeNodeDropSlot","line":96,"character":2},"TreeNodeCollectionComponent":{"__symbolic":"reference","module":"./components/tree-node-collection.component","name":"TreeNodeCollectionComponent","line":97,"character":2},"TreeViewportComponent":{"__symbolic":"reference","module":"./components/tree-viewport.component","name":"TreeViewportComponent","line":98,"character":2},"TreeNodeCheckboxComponent":{"__symbolic":"reference","module":"./components/tree-node-checkbox.component","name":"TreeNodeCheckboxComponent","line":99,"character":2},"ITreeState":{"__symbolic":"reference","module":"./defs/api","name":"ITreeState","line":100,"character":2}}}]